url,title,category
https://www.federalreserve.gov/newsevents/pressreleases/monetary20210625a.htm,"Federal Reserve Board announces it will extend for a final time its Paycheck Protection Program Liquidity Facility, or PPPLF, by an additional month to July 30, 2021",Monetary Policy
https://www.federalreserve.gov/newsevents/pressreleases/bcreg20210625a.htm,Agencies release list of distressed or underserved nonmetropolitan middle-income geographies,Banking and Consumer Regulatory Policy
https://www.federalreserve.gov/newsevents/pressreleases/bcreg20210624a.htm,"Federal Reserve Board releases results of annual bank stress tests, which show that large banks continue to have strong capital levels and could continue lending to households and businesses during a severe recession",Banking and Consumer Regulatory Policy
https://www.federalreserve.gov/newsevents/pressreleases/monetary20210623a.htm,"Federal Reserve announces it will continue its Fed Listens initiative in 2021 to learn from a broad range of individuals, households, and communities about the economic recovery from the COVID-19 pandemic",Monetary Policy
https://www.federalreserve.gov/newsevents/pressreleases/bcreg20210622a.htm,"Federal Reserve Board extends comment period on proposed changes to Regulation II regarding network availability for card-not-present debit card transactions until August 11, 2021",Banking and Consumer Regulatory Policy
https://www.federalreserve.gov/newsevents/pressreleases/other20210617b.htm,"Federal Reserve Board's offices in Washington, D.C., will be closed Friday, June 18, in observance of Juneteenth National Independence Day",Other Announcements
https://www.federalreserve.gov/newsevents/pressreleases/enforcement20210617a.htm,"Federal Reserve Board announces termination of enforcement action with Craco, Inc.",Enforcement Actions
https://www.federalreserve.gov/newsevents/pressreleases/other20210617a.htm,"Chair Powell will host town hall with educators August 2, 2021 at 4 p.m. EDT",Other Announcements
https://www.federalreserve.gov/newsevents/pressreleases/monetary20210616c.htm,"Federal Reserve announces the extension of its temporary U.S. dollar liquidity swap lines with nine central banks through December 31, 2021",Monetary Policy
https://www.federalreserve.gov/newsevents/pressreleases/monetary20210616b.htm,Federal Reserve Board and Federal Open Market Committee release economic projections from the June 15-16 FOMC meeting,Monetary Policy
https://www.federalreserve.gov/newsevents/pressreleases/monetary20210616a.htm,Federal Reserve issues FOMC statement,Monetary Policy
https://www.federalreserve.gov/newsevents/pressreleases/orders20210610a.htm,Federal Reserve Board announces approval of the application by SVB Financial Group,Orders on Banking Applications
https://www.federalreserve.gov/newsevents/pressreleases/enforcement20210610a.htm,Federal Reserve Board announces termination of enforcement action with SunTrust Bank,Enforcement Actions
https://www.federalreserve.gov/newsevents/pressreleases/bcreg20210607a.htm,"Federal Reserve Board announces that results from its bank stress tests will be released on Thursday, June 24, at 4:30 p.m. EDT",Banking and Consumer Regulatory Policy
https://www.federalreserve.gov/newsevents/pressreleases/monetary20210604a.htm,Federal Open Market Committee announces its tentative meeting schedule for 2022,Monetary Policy
https://www.federalreserve.gov/newsevents/pressreleases/enforcement20210603a.htm,Federal Reserve Board issues enforcement action with former employee of BBVA USA,Enforcement Actions
https://www.federalreserve.gov/newsevents/pressreleases/monetary20210602a.htm,Federal Reserve Board announces plans to begin winding down the portfolio of the Secondary Market Corporate Credit Facility,Monetary Policy
https://www.federalreserve.gov/newsevents/pressreleases/bcreg20210602a.htm,Federal Reserve Board issues final rule amending Regulation D with regard to interest on reserve balances,Banking and Consumer Regulatory Policy
https://www.federalreserve.gov/newsevents/pressreleases/other20210601a.htm,Federal Reserve Board invites public comment on proposed rule to govern funds transfers over the Federal Reserve Banks' FedNow Service,Other Announcements
https://www.federalreserve.gov/newsevents/pressreleases/other20210528a.htm,Federal Reserve Board invites public comment on proposed changes to its Policy on Payment System Risk that governs the provision of intraday credit,Other Announcements
https://www.federalreserve.gov/newsevents/pressreleases/orders20210525a.htm,Federal Reserve Board announces approval of application by Huntington Bancshares Incorporated,Orders on Banking Applications
https://www.federalreserve.gov/newsevents/pressreleases/monetary20210525a.htm,"Minutes of the Board's discount rate meetings from April 5 through April 28, 2021",Monetary Policy
https://www.federalreserve.gov/newsevents/pressreleases/orders20210524a.htm,"Federal Reserve Board announces approval of application by Adyen, N.V.",Orders on Banking Applications
https://www.federalreserve.gov/newsevents/pressreleases/bcreg20210521a.htm,Agencies issue host state loan-to-deposit ratios,Banking and Consumer Regulatory Policy
https://www.federalreserve.gov/newsevents/pressreleases/other20210520b.htm,Federal Reserve Chair Jerome H. Powell outlines the Federal Reserve's response to technological advances driving rapid change in the global payments landscape,Other Announcements
https://www.federalreserve.gov/newsevents/pressreleases/other20210520a.htm,Federal Reserve Board releases results of survey of senior financial officers at banks about their strategies and practices for managing reserve balances,Other Announcements
https://www.federalreserve.gov/newsevents/pressreleases/monetary20210519a.htm,"Minutes of the Federal Open Market Committee, April 27-28, 2021",Monetary Policy
https://www.federalreserve.gov/newsevents/pressreleases/bcreg20210517a.htm,Agencies extend comment period on request for information on artificial intelligence,Banking and Consumer Regulatory Policy
https://www.federalreserve.gov/newsevents/pressreleases/other20210517a.htm,Federal Reserve Board issues Report on the Economic Well-Being of U.S. Households,Other Announcements
https://www.federalreserve.gov/newsevents/pressreleases/orders20210514a.htm,"Federal Reserve Board announces approval of applications by The PNC Financial Services Group, Inc. and PNC Bancorp, Inc.",Orders on Banking Applications
https://www.federalreserve.gov/newsevents/pressreleases/bcreg20210514a.htm,Federal Reserve Board announces the third extension of a rule to bolster the effectiveness of the Small Business Administration's Paycheck Protection Program (PPP),Banking and Consumer Regulatory Policy
https://www.federalreserve.gov/newsevents/pressreleases/bcreg20210507a.htm,Federal Reserve Board invites public comment on proposed changes to Regulation II regarding network availability for card-not-present debit card transactions and publishes a biennial report containing summary information on debit card transactions in 2019,Banking and Consumer Regulatory Policy
https://www.federalreserve.gov/newsevents/pressreleases/bcreg20210505a.htm,Federal Reserve Board invites public comment on proposed guidelines to evaluate requests for accounts and payment services at Federal Reserve Banks,Banking and Consumer Regulatory Policy
https://www.federalreserve.gov/newsevents/pressreleases/enforcement20210429a.htm,Federal Reserve Board issues enforcement actions with former employee of Barclays Bank PLC and former employee of Texas Community Bank,Enforcement Actions
https://www.federalreserve.gov/newsevents/pressreleases/monetary20210428a.htm,Federal Reserve issues FOMC statement,Monetary Policy
https://www.federalreserve.gov/newsevents/pressreleases/bcreg20210422a.htm,Agencies invite comment on proposed rule for income tax allocation agreements,Banking and Consumer Regulatory Policy
https://www.federalreserve.gov/newsevents/pressreleases/enforcement20210422a.htm,Federal Reserve Board issues enforcement actions with The Yellowstone Bank and Iowa Prairie Bank,Enforcement Actions
https://www.federalreserve.gov/newsevents/pressreleases/monetary20210413a.htm,"Minutes of the Board's discount rate meetings from February 8 through March 17, 2021",Monetary Policy
https://www.federalreserve.gov/newsevents/pressreleases/other20210412a.htm,Federal Reserve Board accepting applications for its Community Advisory Council,Other Announcements
https://www.federalreserve.gov/newsevents/pressreleases/orders20210409a.htm,"Federal Reserve announces approval of application by VeraBank, Inc.",Orders on Banking Applications
https://www.federalreserve.gov/newsevents/pressreleases/bcreg20210409a.htm,Agencies issue statement and request for information on Bank Secrecy Act/anti-money laundering compliance,Banking and Consumer Regulatory Policy
https://www.federalreserve.gov/newsevents/pressreleases/enforcement20210408a.htm,Federal Reserve Board issues enforcement actions with former employee of Farmers Bank and the Missouri Bank,Enforcement Actions
https://www.federalreserve.gov/newsevents/pressreleases/other20210408a.htm,"Federal Reserve announces final rule making technical, clarifying changes to the Federal Open Market Committee’s rules describing its Freedom of Information Act procedures",Other Announcements
https://www.federalreserve.gov/newsevents/pressreleases/bcreg20210408a.htm,Federal Reserve Board invites public comment on a proposal to automate non-merger-related adjustments to member banks’ subscriptions to Federal Reserve Bank capital stock,Banking and Consumer Regulatory Policy
https://www.federalreserve.gov/newsevents/pressreleases/monetary20210407a.htm,"Minutes of the Federal Open Market Committee, March 16-17, 2021",Monetary Policy
https://www.federalreserve.gov/newsevents/pressreleases/bcreg20210331b.htm,Federal Reserve Board publishes frequently asked questions (FAQs) comprising existing legal interpretations related to a number of the Board’s longstanding regulations,Banking and Consumer Regulatory Policy
https://www.federalreserve.gov/newsevents/pressreleases/bcreg20210331a.htm,Federal Reserve Board adopts final rule outlining and confirming the use of supervisory guidance for regulated institutions,Banking and Consumer Regulatory Policy
https://www.federalreserve.gov/newsevents/pressreleases/enforcement20210330a.htm,Federal Reserve Board issues enforcement action with institution-affiliated parties of Farmers State Bank,Enforcement Actions
https://www.federalreserve.gov/newsevents/pressreleases/bcreg20210329a.htm,Agencies seek wide range of views on financial institutions' use of artificial intelligence,Banking and Consumer Regulatory Policy
https://www.federalreserve.gov/newsevents/pressreleases/bcreg20210325a.htm,"Federal Reserve announces temporary and additional restrictions on bank holding company dividends and share repurchases currently in place will end for most firms after June 30, based on results from upcoming stress test",Banking and Consumer Regulatory Policy
https://www.federalreserve.gov/newsevents/pressreleases/enforcement20210325a.htm,Federal Reserve Board issues enforcement action with former employee of Texas Community Bank,Enforcement Actions
https://www.federalreserve.gov/newsevents/pressreleases/enforcement20210323a.htm,Federal Reserve Board issues enforcement action with Orient Bancorporation and Bank of the Orient,Enforcement Actions
https://www.federalreserve.gov/newsevents/pressreleases/other20210322a.htm,Federal Reserve System publishes annual financial statements,Other Announcements
https://www.federalreserve.gov/newsevents/pressreleases/bcreg20210319b.htm,Temporary supplementary leverage ratio changes to expire as scheduled,Banking and Consumer Regulatory Policy
https://www.federalreserve.gov/newsevents/pressreleases/bcreg20210319a.htm,Federal Reserve Board announces that the temporary change to its supplementary leverage ratio (SLR) for bank holding companies will expire as scheduled on March 31,Banking and Consumer Regulatory Policy
https://www.federalreserve.gov/newsevents/pressreleases/enforcement20210318a.htm,Federal Reserve Board issues enforcement action with Bryn Mawr Trust Company,Enforcement Actions
https://www.federalreserve.gov/newsevents/pressreleases/monetary20210317b.htm,Federal Reserve Board and Federal Open Market Committee release economic projections from the March 16-17 FOMC meeting,Monetary Policy
https://www.federalreserve.gov/newsevents/pressreleases/monetary20210317a.htm,Federal Reserve issues FOMC statement,Monetary Policy
https://www.federalreserve.gov/newsevents/pressreleases/bcreg20210311a.htm,Agencies release proposed new interagency questions and answers regarding private flood insurance,Banking and Consumer Regulatory Policy
https://www.federalreserve.gov/newsevents/pressreleases/enforcement20210311a.htm,Federal Reserve Board issues enforcement action with former employee of Fifth Third Bank,Enforcement Actions
https://www.federalreserve.gov/newsevents/pressreleases/bcreg20210309a.htm,Federal bank regulators issue rule supporting Treasury's investments in minority depository institutions and community development financial institutions,Banking and Consumer Regulatory Policy
https://www.federalreserve.gov/newsevents/pressreleases/monetary20210308a.htm,"Federal Reserve Board announces it will extend its Paycheck Protection Program Liquidity Facility, or PPPLF, by three months to June 30, 2021",Monetary Policy
https://www.federalreserve.gov/newsevents/pressreleases/bcreg20210305a.htm,Federal Reserve Board clarifies guidance as it relates to definitions for minority depository institutions,Banking and Consumer Regulatory Policy
https://www.federalreserve.gov/newsevents/pressreleases/enforcement20210304a.htm,"Federal Reserve Board issues enforcement action with Allegiant United Holdings, LLC, Nano Financial Holdings, Inc., and Nano Banc",Enforcement Actions
https://www.federalreserve.gov/newsevents/pressreleases/enforcement20210302a.htm,Federal Reserve Board issues enforcement actions with former employee of Gateway Bank and former employee of SunTrust Bank,Enforcement Actions
https://www.federalreserve.gov/newsevents/pressreleases/bcreg20210225a.htm,Agencies issue Shared National Credit Review,Banking and Consumer Regulatory Policy
https://www.federalreserve.gov/newsevents/pressreleases/monetary20210223a.htm,"Minutes of the Board's discount rate meetings on January 19 and January 27, 2021",Monetary Policy
https://www.federalreserve.gov/newsevents/pressreleases/bcreg20210222a.htm,Federal and state financial regulatory agencies issue interagency statement on supervisory practices regarding financial institutions affected by Texas Winter Storms,Banking and Consumer Regulatory Policy
https://www.federalreserve.gov/newsevents/pressreleases/bcreg20210218a.htm,Federal Reserve Board announces final rule intended to reduce risk and increase efficiency in the financial system by applying netting protections to a broader range of financial institutions,Banking and Consumer Regulatory Policy
https://www.federalreserve.gov/newsevents/pressreleases/monetary20210217a.htm,"Minutes of the Federal Open Market Committee, January 26-27, 2021",Monetary Policy
https://www.federalreserve.gov/newsevents/pressreleases/bcreg20210212a.htm,Federal Reserve Board releases hypothetical scenarios for its 2021 bank stress tests,Banking and Consumer Regulatory Policy
https://www.federalreserve.gov/newsevents/pressreleases/bcreg20210209a.htm,Federal Reserve Board announces the second extension of a rule to bolster the effectiveness of the Small Business Administration's Paycheck Protection Program (PPP),Banking and Consumer Regulatory Policy
https://www.federalreserve.gov/newsevents/pressreleases/orders20210208b.htm,Federal Reserve Board announces approval of application by Regions Bank,Orders on Banking Applications
https://www.federalreserve.gov/newsevents/pressreleases/orders20210208a.htm,Federal Reserve Board announces approval of application by Simmons Bank,Orders on Banking Applications
https://www.federalreserve.gov/newsevents/pressreleases/enforcement20210204a.htm,"Federal Reserve Board announces termination of enforcement action with Santander Holdings USA, Inc. and Santander Consumer USA, Inc.",Enforcement Actions
https://www.federalreserve.gov/newsevents/pressreleases/enforcement20210202a.htm,Federal Reserve Board announces termination of enforcement action with Hua Nan Commercial Bank Limited and Hua Nan Commercial Bank Limited New York Agency,Enforcement Actions
https://www.federalreserve.gov/newsevents/pressreleases/monetary20210127b.htm,"Federal Open Market Committee reaffirms its ""Statement on Longer-Run Goals and Monetary Policy Strategy""",Monetary Policy
https://www.federalreserve.gov/newsevents/pressreleases/monetary20210127a.htm,Federal Reserve issues FOMC statement,Monetary Policy
https://www.federalreserve.gov/newsevents/pressreleases/orders20210122a.htm,"Federal Reserve Board announces that the public comment period for the application by First Citizens BancShares, Inc. to acquire CIT Group, Inc. has been extended through February 22, 2021",Orders on Banking Applications
https://www.federalreserve.gov/newsevents/pressreleases/other20210121a.htm,Federal Reserve Board approves reappointment of Reserve Bank presidents and first vice presidents,Other Announcements
https://www.federalreserve.gov/newsevents/pressreleases/bcreg20210119a.htm,Federal Reserve Board finalizes a rule that updates the Board's capital planning requirements to be consistent with other Board rules that were recently modified,Banking and Consumer Regulatory Policy
https://www.federalreserve.gov/newsevents/pressreleases/monetary20210112a.htm,"Minutes of the Board's discount rate meetings from November 16 through December 16, 2020",Monetary Policy
https://www.federalreserve.gov/newsevents/pressreleases/other20210111a.htm,Federal Reserve Board announces Reserve Bank income and expense data and transfers to the Treasury for 2020,Other Announcements
https://www.federalreserve.gov/newsevents/pressreleases/enforcement20210107a.htm,Federal Reserve Board issues enforcement action with former employee of Community Financial Services Bank,Enforcement Actions
https://www.federalreserve.gov/newsevents/pressreleases/monetary20210106a.htm,"Minutes of the Federal Open Market Committee, December 15-16, 2020",Monetary Policy
https://www.federalreserve.gov/newsevents/pressreleases/enforcement20210105a.htm,Federal Reserve Board announces termination of enforcement action with Mid America Bank and Trust Company,Enforcement Actions
https://www.federalreserve.gov/newsevents/pressreleases/monetary20201229a.htm,"Federal Reserve extends termination date of Main Street Lending Program facilities to January 8, 2021 to allow more time to process and fund loans that were submitted to Main Street lender portal on or before December 14, 2020",Monetary Policy
https://www.federalreserve.gov/newsevents/pressreleases/other20201223a.htm,Federal Reserve Board announces appointment of the chairs and deputy chairs of the Federal Reserve Banks for 2021,Other Announcements
https://www.federalreserve.gov/newsevents/pressreleases/monetary20201222a.htm,Federal Reserve Board invites public comment on proposed amendments to Regulation D and issues final rule amending Regulation D with regard to reserve requirement ratios on transaction accounts,Monetary Policy
https://www.federalreserve.gov/newsevents/pressreleases/enforcement20201222a.htm,Federal Reserve Board issues enforcement action with Credit Suisse,Enforcement Actions
https://www.federalreserve.gov/newsevents/pressreleases/other20201218a.htm,Christopher J. Waller sworn in as a member of the Board of Governors of the Federal Reserve System,Other Announcements
https://www.federalreserve.gov/newsevents/pressreleases/bcreg20201218c.htm,Federal Reserve Board votes to affirm the Countercyclical Capital Buffer (CCyB) at the current level of 0 percent,Banking and Consumer Regulatory Policy
https://www.federalreserve.gov/newsevents/pressreleases/bcreg20201218b.htm,Federal Reserve Board releases second round of bank stress test results,Banking and Consumer Regulatory Policy
https://www.federalreserve.gov/newsevents/pressreleases/bcreg20201218a.htm,Agencies propose requirement for computer security incident notification,Banking and Consumer Regulatory Policy
https://www.federalreserve.gov/newsevents/pressreleases/other20201217b.htm,Federal Reserve announces members of its Community Depository Institutions Advisory Council for 2021,Other Announcements
https://www.federalreserve.gov/newsevents/pressreleases/other20201217a.htm,Federal Reserve Board announces new members of Community Advisory Council,Other Announcements
https://www.federalreserve.gov/newsevents/pressreleases/bcreg20201217a.htm,Agencies release annual CRA asset-size threshold adjustments for small and intermediate small institutions,Banking and Consumer Regulatory Policy
https://www.federalreserve.gov/newsevents/pressreleases/monetary20201216c.htm,"Federal Reserve announces the extension of its temporary U.S. dollar liquidity swap lines and the temporary repurchase agreement facility for foreign and international monetary authorities (FIMA repo facility) through September 30, 2021",Monetary Policy
https://www.federalreserve.gov/newsevents/pressreleases/monetary20201216b.htm,Federal Reserve Board and Federal Open Market Committee release economic projections from the December 15-16 FOMC meeting,Monetary Policy
https://www.federalreserve.gov/newsevents/pressreleases/monetary20201216a.htm,Federal Reserve issues FOMC statement,Monetary Policy
https://www.federalreserve.gov/newsevents/pressreleases/bcreg20201215a.htm,"Federal Reserve Board announces it has formally joined the Network of Central Banks and Supervisors for Greening the Financial System, or NGFS, as a member",Banking and Consumer Regulatory Policy
https://www.federalreserve.gov/newsevents/pressreleases/monetary20201211a.htm,Federal Reserve releases illustrative examples of new charts that will be included in the Federal Open Market Committee’s quarterly Summary of Economic Projections (SEP),Monetary Policy
https://www.federalreserve.gov/newsevents/pressreleases/bcreg20201209a.htm,Agencies announce several resolution plan actions,Banking and Consumer Regulatory Policy
https://www.federalreserve.gov/newsevents/pressreleases/orders20201208a.htm,"Federal Reserve Board announces approval of application by Bern Bancshares, Inc.",Orders on Banking Applications
https://www.federalreserve.gov/newsevents/pressreleases/enforcement20201208a.htm,Federal Reserve Board announces termination of enforcement action with Community Trust Bank,Enforcement Actions
https://www.federalreserve.gov/newsevents/pressreleases/bcreg20201207a.htm,Federal Reserve Board announces annual indexing of reserve requirement exemption amount and of low reserve tranche for 2021,Banking and Consumer Regulatory Policy
https://www.federalreserve.gov/newsevents/pressreleases/bcreg20201204a.htm,"Federal Reserve Board announces results from second round of bank stress tests will be released Friday, December 18, at 4:30 p.m. EST",Banking and Consumer Regulatory Policy
https://www.federalreserve.gov/newsevents/pressreleases/bcreg20201203a.htm,Federal Reserve Board announces members of its Insurance Policy Advisory Committee,Banking and Consumer Regulatory Policy
https://www.federalreserve.gov/newsevents/pressreleases/monetary20201201a.htm,"Minutes of the Board's discount rate meeting from October 5 through November 5, 2020",Monetary Policy
https://www.federalreserve.gov/newsevents/pressreleases/other20201130a.htm,Federal Reserve Board releases results of survey of senior financial officers at banks about their strategies and practices for managing reserve balances,Other Announcements
https://www.federalreserve.gov/newsevents/pressreleases/monetary20201130a.htm,"Federal Reserve Board announces extension through March 31, 2021, for several of its lending facilities that were generally scheduled to expire on or around December 31",Monetary Policy
https://www.federalreserve.gov/newsevents/pressreleases/bcreg20201130b.htm,Federal Reserve Board welcomes and supports release of proposal and supervisory statements that would enable clear end date for U.S. Dollar (USD) LIBOR and would promote the safety and soundness of the financial system,Banking and Consumer Regulatory Policy
https://www.federalreserve.gov/newsevents/pressreleases/bcreg20201130a.htm,Agencies issue statement on LIBOR transition,Banking and Consumer Regulatory Policy
https://www.federalreserve.gov/newsevents/pressreleases/monetary20201125a.htm,"Minutes of the Federal Open Market Committee, November 4-5, 2020",Monetary Policy
https://www.federalreserve.gov/newsevents/pressreleases/enforcement20201124a.htm,"Federal Reserve Board announces termination of enforcement action with Florida First City Banks, Inc.",Enforcement Actions
https://www.federalreserve.gov/newsevents/pressreleases/bcreg20201120a.htm,Agencies provide temporary relief to community banking organizations,Banking and Consumer Regulatory Policy
https://www.federalreserve.gov/newsevents/pressreleases/other20201120a.htm,Federal Reserve announces College Fed Challenge winners,Other Announcements
https://www.federalreserve.gov/newsevents/pressreleases/bcreg20201119b.htm,Agencies release fact sheet to clarify Bank Secrecy Act due diligence requirements for banks and credit unions that offer services to charities and non-profits,Banking and Consumer Regulatory Policy
https://www.federalreserve.gov/newsevents/pressreleases/bcreg20201119a.htm,Federal Reserve Board issues final rule modifying the annual assessment fees for its supervision and regulation of large financial companies,Banking and Consumer Regulatory Policy
https://www.federalreserve.gov/newsevents/pressreleases/enforcement20201119a.htm,"Federal Reserve Board issues enforcement action with Craco, Inc.",Enforcement Actions
https://www.federalreserve.gov/newsevents/pressreleases/bcreg20201118b.htm,Agencies announce dollar thresholds in Regulations Z and M for  exempt consumer credit and lease transactions,Banking and Consumer Regulatory Policy
https://www.federalreserve.gov/newsevents/pressreleases/bcreg20201118a.htm,Agencies announce threshold for smaller loan exemption from appraisal requirements for higher-priced mortgage loans,Banking and Consumer Regulatory Policy
https://www.federalreserve.gov/newsevents/pressreleases/enforcement20201110a.htm,Federal Reserve Board issues enforcement action with Farmers Bank & Trust Company,Enforcement Actions
https://www.federalreserve.gov/newsevents/pressreleases/other20201110a.htm,Federal Reserve Board approves fee schedule for Federal Reserve Bank priced services,Other Announcements
https://www.federalreserve.gov/newsevents/pressreleases/bcreg20201106a.htm,Federal Reserve publishes latest version of its supervision and regulation report,Banking and Consumer Regulatory Policy
https://www.federalreserve.gov/newsevents/pressreleases/monetary20201105a.htm,Federal Reserve issues FOMC statement,Monetary Policy
https://www.federalreserve.gov/newsevents/pressreleases/bcreg20201030a.htm,Agencies release paper on operational resilience,Banking and Consumer Regulatory Policy
https://www.federalreserve.gov/newsevents/pressreleases/monetary20201030a.htm,Federal Reserve Board adjusts terms of Main Street Lending Program to better target support to smaller businesses that employ millions of workers and are facing continued revenue shortfalls due to the pandemic,Monetary Policy
https://www.federalreserve.gov/newsevents/pressreleases/other20201029a.htm,Federal Reserve Board publishes detailed noncash payments data from the 2019 Federal Reserve Payments Study,Other Announcements
https://www.federalreserve.gov/newsevents/pressreleases/bcreg20201029a.htm,Agencies propose regulation on the role of supervisory guidance,Banking and Consumer Regulatory Policy
https://www.federalreserve.gov/newsevents/pressreleases/bcreg20201023a.htm,Agencies invite comment on proposed rule under Bank Secrecy Act,Banking and Consumer Regulatory Policy
https://www.federalreserve.gov/newsevents/pressreleases/orders20201022a.htm,"Federal Reserve Board announces approval of application by Bangor Bancorp, MHC",Orders on Banking Applications
https://www.federalreserve.gov/newsevents/pressreleases/enforcement20201022a.htm,"Federal Reserve Board fines the Goldman Sachs Group, Inc. $154 million for failure to maintain appropriate oversight, internal controls, and risk management with respect to 1Malaysia Development Berhad (1MDB)",Enforcement Actions
https://www.federalreserve.gov/newsevents/pressreleases/orders20201021a.htm,Federal Reserve Board announces approval of application by Allfunds Bank S.A.U.,Orders on Banking Applications
https://www.federalreserve.gov/newsevents/pressreleases/bcreg20201020b.htm,Agencies issue final rule to strengthen resilience of large banks,Banking and Consumer Regulatory Policy
https://www.federalreserve.gov/newsevents/pressreleases/bcreg20201020a.htm,Agencies finalize rule to reduce the impact of large bank failures,Banking and Consumer Regulatory Policy
https://www.federalreserve.gov/newsevents/pressreleases/enforcement20201020a.htm,Federal Reserve Board issues enforcement action with employee of First Savings Bank,Enforcement Actions
https://www.federalreserve.gov/newsevents/pressreleases/enforcement20201015a.htm,Federal Reserve Board issues enforcement action with M&T Bank,Enforcement Actions
https://www.federalreserve.gov/newsevents/pressreleases/other20201014a.htm,"Federal Reserve requests public comment on technical, clarifying updates regarding the Federal Open Market Committee’s Rules Regarding Availability of Information, which describe its Freedom of Information Act (FOIA) procedures",Other Announcements
https://www.federalreserve.gov/newsevents/pressreleases/monetary20201013a.htm,"Minutes of the Board's discount rate meetings from August 24 through September 16, 2020",Monetary Policy
https://www.federalreserve.gov/newsevents/pressreleases/orders20201007a.htm,"Federal Reserve Board announces approval of application by Banco Bradesco S.A., Lecce Holdings S.A., Fundação Bradesco, BBD Participações S.A., Nova Cidade de Deus Participações S.A., and Cidade de Deus Cia. Comercial de Participações",Orders on Banking Applications
https://www.federalreserve.gov/newsevents/pressreleases/enforcement20201007a.htm,Federal Reserve announces enforcement action against Citigroup Inc. that requires the firm to correct several longstanding deficiencies,Enforcement Actions
https://www.federalreserve.gov/newsevents/pressreleases/monetary20201007a.htm,"Minutes of the Federal Open Market Committee, September 15-16, 2020",Monetary Policy
https://www.federalreserve.gov/newsevents/pressreleases/other20201006a.htm,Federal Reserve begins 2020 Census of Finance Companies and Other Lenders,Other Announcements
https://www.federalreserve.gov/newsevents/pressreleases/enforcement20201001a.htm,Federal Reserve Board issues enforcement action with Atlantic Community Bankers Bank,Enforcement Actions
https://www.federalreserve.gov/newsevents/pressreleases/other20201001a.htm,Federal Reserve Board extends temporary actions aimed at increasing the availability of intraday credit extended by Federal Reserve Banks,Other Announcements
https://www.federalreserve.gov/newsevents/pressreleases/orders20200930b.htm,Federal Reserve Board announces approval of notice by Morgan Stanley,Orders on Banking Applications
https://www.federalreserve.gov/newsevents/pressreleases/orders20200930a.htm,Federal Reserve Board announces approval of notice by The Toronto-Dominion Bank,Orders on Banking Applications
https://www.federalreserve.gov/newsevents/pressreleases/bcreg20200930b.htm,Federal Reserve Board announces it will extend for an additional quarter several measures to ensure that large banks maintain a high level of capital resilience,Banking and Consumer Regulatory Policy
https://www.federalreserve.gov/newsevents/pressreleases/bcreg20200930a.htm,Federal Reserve Board invites public comment on proposal that would update the Board's capital planning requirements to be consistent with other Board rules that were recently modified,Banking and Consumer Regulatory Policy
https://www.federalreserve.gov/newsevents/pressreleases/bcreg20200929a.htm,Agencies issue two final rules,Banking and Consumer Regulatory Policy
https://www.federalreserve.gov/newsevents/pressreleases/enforcement20200929a.htm,"Federal Reserve Board announces termination of enforcement actions with Habib Bank Limited and Habib Bank Limited New York Branch and Persons Banking Company, Inc.",Enforcement Actions
https://www.federalreserve.gov/newsevents/pressreleases/other20200925a.htm,Federal Reserve Board amends implementation date of modifications to Reserve Bank payment services and corresponding changes to the Policy on Payment System Risk,Other Announcements
https://www.federalreserve.gov/newsevents/pressreleases/bcreg20200921a.htm,Federal Reserve Board issues Advance Notice of Proposed Rulemaking on an approach to modernize regulations that implement the Community Reinvestment Act,Banking and Consumer Regulatory Policy
https://www.federalreserve.gov/newsevents/pressreleases/monetary20200918a.htm,Federal Reserve Board updates frequently asked questions to clarify the Board and Department of Treasury’s expectations regarding lender underwriting for the Main Street Lending Program,Monetary Policy
https://www.federalreserve.gov/newsevents/pressreleases/other20200918a.htm,Federal Reserve Board issues Report on the Economic Well-Being of U.S. Households,Other Announcements
https://www.federalreserve.gov/newsevents/pressreleases/bcreg20200917a.htm,Federal Reserve Board releases hypothetical scenarios for second round of bank stress tests,Banking and Consumer Regulatory Policy
https://www.federalreserve.gov/newsevents/pressreleases/monetary20200916b.htm,Federal Reserve Board and Federal Open Market Committee release economic projections from the September 15-16 FOMC meeting,Monetary Policy
https://www.federalreserve.gov/newsevents/pressreleases/monetary20200916a.htm,Federal Reserve issues FOMC statement,Monetary Policy
https://www.federalreserve.gov/newsevents/pressreleases/other20200914a.htm,Federal Reserve Board appoints Trevor Reeve as director of the Division of Monetary Affairs,Other Announcements
https://www.federalreserve.gov/newsevents/pressreleases/enforcement20200908a.htm,"Federal Reserve Board announces termination of enforcement action with Allied First Bancorp, Inc.",Enforcement Actions
https://www.federalreserve.gov/newsevents/pressreleases/bcreg20200904a.htm,"Federal Reserve Board releases corrected stress test results stemming from an error in projected trading losses and as a result, revised the capital requirements for two banks",Banking and Consumer Regulatory Policy
https://www.federalreserve.gov/newsevents/pressreleases/other20200902a.htm,"Statement by Federal Reserve Board Chair Jerome H. Powell on the passing of Thomas Laubach, director of the Division of Monetary Affairs",Other Announcements
https://www.federalreserve.gov/newsevents/pressreleases/bcreg20200901b.htm,Federal and state financial regulatory agencies issue interagency statement on supervisory practices regarding financial institutions affected by Hurricane Laura and California Wildfires,Banking and Consumer Regulatory Policy
https://www.federalreserve.gov/newsevents/pressreleases/bcreg20200901a.htm,Agencies extend comment period on proposed revisions to interagency questions and answers regarding flood insurance,Banking and Consumer Regulatory Policy
https://www.federalreserve.gov/newsevents/pressreleases/monetary20200827a.htm,Federal Open Market Committee announces approval of updates to its Statement on Longer-Run Goals and Monetary Policy Strategy,Monetary Policy
https://www.federalreserve.gov/newsevents/pressreleases/orders20200826a.htm,"Federal Reserve Board announces approval of the application by First Illinois Bancorp, Inc.",Orders on Banking Applications
https://www.federalreserve.gov/newsevents/pressreleases/bcreg20200826a.htm,Agencies issue three final rules,Banking and Consumer Regulatory Policy
https://www.federalreserve.gov/newsevents/pressreleases/monetary20200825a.htm,"Minutes of the Board's discount rate meetings from June 22 through July 29, 2020",Monetary Policy
https://www.federalreserve.gov/newsevents/pressreleases/other20200824a.htm,"Federal Reserve will co-host a research conference on bank supervision on December 11, 2020",Other Announcements
https://www.federalreserve.gov/newsevents/pressreleases/bcreg20200821a.htm,Agencies issue statement providing additional information for certain Bank Secrecy Act due diligence requirements,Banking and Consumer Regulatory Policy
https://www.federalreserve.gov/newsevents/pressreleases/enforcement20200820a.htm,Federal Reserve Board issues enforcement action with former employee of Heartland Bank,Enforcement Actions
https://www.federalreserve.gov/newsevents/pressreleases/monetary20200819a.htm,"Minutes of the Federal Open Market Committee, July 28-29, 2020",Monetary Policy
https://www.federalreserve.gov/newsevents/pressreleases/other20200813a.htm,Federal Reserve highlights research and experimentation undertaken to enhance its understanding of the opportunities and risks associated with central bank digital currencies,Other Announcements
https://www.federalreserve.gov/newsevents/pressreleases/bcreg20200813a.htm,Federal banking agencies issue joint statement on enforcement of Bank Secrecy Act/anti-money laundering requirements,Banking and Consumer Regulatory Policy
https://www.federalreserve.gov/newsevents/pressreleases/monetary20200811a.htm,Federal Reserve Board announces revised pricing for its Municipal Liquidity Facility,Monetary Policy
https://www.federalreserve.gov/newsevents/pressreleases/bcreg20200810a.htm,"Federal Reserve Board announces individual large bank capital requirements, which will be effective on October 1",Banking and Consumer Regulatory Policy
https://www.federalreserve.gov/newsevents/pressreleases/other20200806a.htm,Federal Reserve announces details of new 24x7x365 interbank settlement service with clearing functionality to support instant payments in the United States,Other Announcements
https://www.federalreserve.gov/newsevents/pressreleases/enforcement20200806a.htm,Federal Reserve Board issues enforcement action with Capital One Financial Corporation,Enforcement Actions
https://www.federalreserve.gov/newsevents/pressreleases/orders20200804a.htm,"Federal Reserve Board announces approval of the application by Apex Bancorp, Inc.",Orders on Banking Applications
https://www.federalreserve.gov/newsevents/pressreleases/monetary20200729b.htm,"Federal Reserve Board announces the extensions of its temporary U.S. dollar liquidity swap lines and the temporary repurchase agreement facility for foreign and international monetary authorities (FIMA repo facility) through March 31, 2021",Monetary Policy
https://www.federalreserve.gov/newsevents/pressreleases/monetary20200729a.htm,Federal Reserve issues FOMC statement,Monetary Policy
https://www.federalreserve.gov/newsevents/pressreleases/monetary20200728a.htm,Federal Reserve Board announces an extension through December 31 of its lending facilities that were scheduled to expire on or around September 30,Monetary Policy
https://www.federalreserve.gov/newsevents/pressreleases/bcreg20200724a.htm,"Federal Reserve Board finalizes rule that implements technical, clarifying updates to Freedom of Information Act (FOIA) procedures and changes to rules for the disclosure of confidential supervisory information (CSI)",Banking and Consumer Regulatory Policy
https://www.federalreserve.gov/newsevents/pressreleases/monetary20200723a.htm,"Federal Reserve Board announces expansion of counterparties in the Term Asset-Backed Securities Loan Facility, Secondary Market Corporate Credit Facility, and Commercial Paper Funding Facility",Monetary Policy
https://www.federalreserve.gov/newsevents/pressreleases/other20200721a.htm,Federal Reserve Board to  maintain the current schedule of prices for most payment services that the Federal Reserve Banks provide to depository institutions in 2021,Other Announcements
https://www.federalreserve.gov/newsevents/pressreleases/monetary20200717a.htm,"Federal Reserve Board modifies Main Street Lending Program to provide greater access to credit for nonprofit organizations such as educational institutions, hospitals, and social service organizations",Monetary Policy
https://www.federalreserve.gov/newsevents/pressreleases/bcreg20200715a.htm,Federal Reserve Board announces extension of rule change to bolster effectiveness of the Small Business Administration's Paycheck Protection Program,Banking and Consumer Regulatory Policy
https://www.federalreserve.gov/newsevents/pressreleases/other20200715a.htm,National College Fed Challenge to be held in a virtual format in 2020,Other Announcements
https://www.federalreserve.gov/newsevents/pressreleases/enforcement20200709a.htm,"Federal Reserve Board announces termination of enforcement action with The Leaders Group, Inc.",Enforcement Actions
https://www.federalreserve.gov/newsevents/pressreleases/monetary20200707a.htm,"Minutes of the Board's discount rate meetings from May 18 through June 10, 2020",Monetary Policy
https://www.federalreserve.gov/newsevents/pressreleases/enforcement20200702a.htm,Federal Reserve Board issues enforcement action with Putnam County Bank and announces termination of enforcement action with Barclays Bank PLC,Enforcement Actions
https://www.federalreserve.gov/newsevents/pressreleases/monetary20200702a.htm,Federal Open Market Committee announces its tentative meeting schedule for 2021,Monetary Policy
https://www.federalreserve.gov/newsevents/pressreleases/bcreg20200701a.htm,Agencies provide largest firms with information for next resolution plans,Banking and Consumer Regulatory Policy
https://www.federalreserve.gov/newsevents/pressreleases/monetary20200701a.htm,"Minutes of the Federal Open Market Committee, June 9-10, 2020",Monetary Policy
https://www.federalreserve.gov/newsevents/pressreleases/enforcement20200630a.htm,Federal Reserve Board issues enforcement action with Benchmark Community Bank and announces the termination of enforcement action with Peoples Bank,Enforcement Actions
https://www.federalreserve.gov/newsevents/pressreleases/bcreg20200629a.htm,Federal Reserve Board announces that it is seeking individuals to serve on its Insurance Policy Advisory Committee,Banking and Consumer Regulatory Policy
https://www.federalreserve.gov/newsevents/pressreleases/monetary20200629a.htm,"Federal Reserve Board releases new term sheet for the Primary Market Corporate Credit Facility, adding pricing and other information",Monetary Policy
https://www.federalreserve.gov/newsevents/pressreleases/bcreg20200626a.htm,Agencies release proposed revisions to interagency questions and answers regarding flood insurance,Banking and Consumer Regulatory Policy
https://www.federalreserve.gov/newsevents/pressreleases/bcreg20200625c.htm,Federal Reserve Board releases results of stress tests for 2020 and additional sensitivity analyses conducted in light of the coronavirus event,Banking and Consumer Regulatory Policy
